zone,carbonIntensity,datetime,updatedAt,createdAt,emissionFactorType,isEstimated,ISO_CODE_x,Country_x,Zone_x,ISO_CODE_y,Country_y,Zone_y
AE,426,2024-06-10T15:00:00.000Z,2024-06-10T14:52:28.137Z,2024-06-07T15:50:18.850Z,lifecycle,True,AE,United Arab Emirates,United Arab Emirates,AE,United Arab Emirates,United Arab Emirates
AR,435,2024-06-10T15:00:00.000Z,2024-06-10T14:52:28.137Z,2024-06-07T15:50:18.850Z,lifecycle,True,AR,Argentina,Argentina,AR,Argentina,Argentina
AT,75,2024-06-10T15:00:00.000Z,2024-06-10T14:52:28.137Z,2024-06-07T15:50:13.572Z,lifecycle,True,AT,Austria,Austria,AT,Austria,Austria
AU,574,2024-06-10T15:00:00.000Z,2024-06-10T14:52:28.137Z,2024-06-07T15:49:53.396Z,lifecycle,True,AU,Australia,Australia,AU,Australia,Australia
AU-NSW,720,2024-06-10T15:00:00.000Z,2024-06-10T14:51:44.085Z,2024-06-07T15:49:53.396Z,lifecycle,True,AU-NSW,Australia,New South Wales,AU-NSW,Australia,New South Wales
AU-NT,487,2024-06-10T15:00:00.000Z,2024-06-10T14:51:55.327Z,2024-06-07T15:50:13.572Z,lifecycle,True,AU-NT,Australia,Northern Territory,AU-NT,Australia,Northern Territory
AU-QLD,736,2024-06-10T15:00:00.000Z,2024-06-10T14:51:55.327Z,2024-06-07T15:50:13.572Z,lifecycle,True,AU-QLD,Australia,Queensland,AU-QLD,Australia,Queensland
AU-SA,11,2024-06-10T15:00:00.000Z,2024-06-10T14:51:44.085Z,2024-06-07T15:50:18.850Z,lifecycle,True,AU-SA,Australia,South Australia,AU-SA,Australia,South Australia
AU-TAS,238,2024-06-10T15:00:00.000Z,2024-06-10T14:51:55.327Z,2024-06-07T15:50:13.572Z,lifecycle,True,AU-TAS,Australia,Tasmania,AU-TAS,Australia,Tasmania
AU-TAS-FI,265,2024-06-10T15:00:00.000Z,2024-06-10T14:52:28.137Z,2024-06-07T15:49:53.396Z,lifecycle,False,AU-TAS-FI,Australia,Flinders Island,AU-TAS-FI,Australia,Flinders Island
AU-TAS-KI,194,2024-06-10T15:00:00.000Z,2024-06-10T14:51:55.327Z,2024-06-07T15:50:13.572Z,lifecycle,False,AU-TAS-KI,Australia,King Island,AU-TAS-KI,Australia,King Island
AU-VIC,413,2024-06-10T15:00:00.000Z,2024-06-10T14:52:28.137Z,2024-06-07T15:50:13.572Z,lifecycle,True,AU-VIC,Australia,Victoria,AU-VIC,Australia,Victoria
AU-WA,525,2024-06-10T15:00:00.000Z,2024-06-10T14:51:55.327Z,2024-06-07T15:50:13.572Z,lifecycle,True,AU-WA,Australia,Western Australia,AU-WA,Australia,Western Australia
AU-WA-RI,584,2024-06-10T15:00:00.000Z,2024-06-10T14:52:28.137Z,2024-06-07T15:49:53.396Z,lifecycle,False,AU-WA-RI,Australia,Rottnest Island,AU-WA-RI,Australia,Rottnest Island
AX,13,2024-06-10T15:00:00.000Z,2024-06-10T14:51:44.085Z,2024-06-07T15:50:13.572Z,lifecycle,True,AX,Åland Islands,Åland Islands,AX,Åland Islands,Åland Islands
BA,461,2024-06-10T15:00:00.000Z,2024-06-10T14:51:55.327Z,2024-06-07T15:50:13.572Z,lifecycle,True,BA,Bosnia and Herzegovina,Bosnia and Herzegovina,BA,Bosnia and Herzegovina,Bosnia and Herzegovina
BD,640,2024-06-10T15:00:00.000Z,2024-06-10T14:52:28.137Z,2024-06-07T15:50:13.572Z,lifecycle,True,BD,Bangladesh,Bangladesh,BD,Bangladesh,Bangladesh
BE,93,2024-06-10T15:00:00.000Z,2024-06-10T14:51:55.327Z,2024-06-07T15:50:13.572Z,lifecycle,True,BE,Belgium,Belgium,BE,Belgium,Belgium
BG,141,2024-06-10T15:00:00.000Z,2024-06-10T14:51:55.327Z,2024-06-07T15:49:53.396Z,lifecycle,True,BG,Bulgaria,Bulgaria,BG,Bulgaria,Bulgaria
BH,700,2024-06-10T15:00:00.000Z,2024-06-10T14:51:55.327Z,2024-06-07T15:50:18.850Z,lifecycle,True,BH,Bahrain,Bahrain,BH,Bahrain,Bahrain
BO,311,2024-06-10T14:00:00.000Z,2024-06-10T14:52:28.137Z,2024-06-07T14:49:17.093Z,lifecycle,False,BO,Bolivia,Bolivia,BO,Bolivia,Bolivia
BR,85,2024-06-10T15:00:00.000Z,2024-06-10T14:51:55.327Z,2024-06-07T15:50:13.572Z,lifecycle,True,BR,Brazil,Brazil,BR,Brazil,Brazil
BR-CS,105,2024-06-10T15:00:00.000Z,2024-06-10T14:51:55.327Z,2024-06-07T15:50:13.572Z,lifecycle,True,BR-CS,Brazil,Central Brazil,BR-CS,Brazil,Central Brazil
BR-N,77,2024-06-10T15:00:00.000Z,2024-06-10T14:51:55.327Z,2024-06-07T15:50:18.850Z,lifecycle,True,BR-N,Brazil,North Brazil,BR-N,Brazil,North Brazil
BR-NE,33,2024-06-10T15:00:00.000Z,2024-06-10T14:51:55.327Z,2024-06-07T15:50:13.572Z,lifecycle,True,BR-NE,Brazil,North-East Brazil,BR-NE,Brazil,North-East Brazil
BR-S,72,2024-06-10T15:00:00.000Z,2024-06-10T14:51:44.085Z,2024-06-07T15:50:13.572Z,lifecycle,True,BR-S,Brazil,South Brazil,BR-S,Brazil,South Brazil
CA-AB,422,2024-06-10T15:00:00.000Z,2024-06-10T14:51:55.327Z,2024-06-07T15:50:13.572Z,lifecycle,True,CA-AB,Canada,Alberta,CA-AB,Canada,Alberta
CA-BC,56,2024-06-10T15:00:00.000Z,2024-06-10T14:51:55.327Z,2024-06-07T15:50:13.572Z,lifecycle,True,CA-BC,Canada,British Columbia,CA-BC,Canada,British Columbia
CA-NB,121,2024-06-10T15:00:00.000Z,2024-06-10T14:51:55.327Z,2024-06-07T15:50:13.572Z,lifecycle,True,CA-NB,Canada,New Brunswick,CA-NB,Canada,New Brunswick
CA-ON,41,2024-06-10T15:00:00.000Z,2024-06-10T14:51:55.327Z,2024-06-07T15:50:18.850Z,lifecycle,True,CA-ON,Canada,Ontario,CA-ON,Canada,Ontario
CA-PE,100,2024-06-10T15:00:00.000Z,2024-06-10T14:51:55.327Z,2024-06-07T15:50:13.572Z,lifecycle,True,CA-PE,Canada,Prince Edward Island,CA-PE,Canada,Prince Edward Island
CA-QC,30,2024-06-10T15:00:00.000Z,2024-06-10T14:51:55.327Z,2024-06-07T15:50:18.850Z,lifecycle,True,CA-QC,Canada,Québec,CA-QC,Canada,Québec
CA-SK,455,2024-06-10T15:00:00.000Z,2024-06-10T13:50:50.732Z,2024-06-07T15:50:13.572Z,lifecycle,True,CA-SK,Canada,Saskatchewan,CA-SK,Canada,Saskatchewan
CA-YT,24,2024-06-10T15:00:00.000Z,2024-06-10T14:52:28.137Z,2024-06-07T15:50:13.572Z,lifecycle,False,CA-YT,Canada,Yukon,CA-YT,Canada,Yukon
CH,65,2024-06-10T15:00:00.000Z,2024-06-10T14:51:55.327Z,2024-06-07T15:50:13.572Z,lifecycle,True,CH,Switzerland,Switzerland,CH,Switzerland,Switzerland
CL-SEN,135,2024-06-10T15:00:00.000Z,2024-06-10T14:51:55.327Z,2024-06-07T15:50:18.850Z,lifecycle,True,CL-SEN,Chile,Sistema Eléctrico Nacional,CL-SEN,Chile,Sistema Eléctrico Nacional
CO,143,2024-06-10T15:00:00.000Z,2024-06-10T14:51:55.327Z,2024-06-07T15:50:13.572Z,lifecycle,True,CO,Colombia,Colombia,CO,Colombia,Colombia
CR,59,2024-06-10T15:00:00.000Z,2024-06-10T14:51:55.327Z,2024-06-07T15:49:53.396Z,lifecycle,True,CR,Costa Rica,Costa Rica,CR,Costa Rica,Costa Rica
CY,678,2024-06-10T15:00:00.000Z,2024-06-10T14:51:55.327Z,2024-06-07T15:50:13.572Z,lifecycle,True,CY,Cyprus,Cyprus,CY,Cyprus,Cyprus
CZ,579,2024-06-10T15:00:00.000Z,2024-06-10T14:51:55.327Z,2024-06-07T15:50:13.572Z,lifecycle,True,CZ,Czechia,Czechia,CZ,Czechia,Czechia
DE,275,2024-06-10T15:00:00.000Z,2024-06-10T14:51:44.085Z,2024-06-07T15:50:13.572Z,lifecycle,True,DE,Germany,Germany,DE,Germany,Germany
DK,73,2024-06-10T15:00:00.000Z,2024-06-10T14:51:55.327Z,2024-06-07T15:50:18.850Z,lifecycle,True,DK,Denmark,Denmark,DK,Denmark,Denmark
DK-BHM,31,2024-06-10T15:00:00.000Z,2024-06-10T14:51:55.327Z,2024-06-07T15:49:53.396Z,lifecycle,True,DK-BHM,Denmark,Bornholm,DK-BHM,Denmark,Bornholm
DK-DK1,69,2024-06-10T15:00:00.000Z,2024-06-10T14:51:55.327Z,2024-06-07T15:50:13.572Z,lifecycle,True,DK-DK1,Denmark,West Denmark,DK-DK1,Denmark,West Denmark
DK-DK2,94,2024-06-10T15:00:00.000Z,2024-06-10T14:52:28.137Z,2024-06-07T15:50:13.572Z,lifecycle,True,DK-DK2,Denmark,East Denmark,DK-DK2,Denmark,East Denmark
DO,440,2024-06-10T15:00:00.000Z,2024-06-10T14:51:55.327Z,2024-06-07T15:50:13.572Z,lifecycle,False,DO,Dominican Republic,Dominican Republic,DO,Dominican Republic,Dominican Republic
EE,359,2024-06-10T15:00:00.000Z,2024-06-10T14:51:55.327Z,2024-06-07T15:50:13.572Z,lifecycle,True,EE,Estonia,Estonia,EE,Estonia,Estonia
ES,89,2024-06-10T15:00:00.000Z,2024-06-10T14:52:28.137Z,2024-06-07T15:50:13.572Z,lifecycle,True,ES,Spain,Spain,ES,Spain,Spain
ES-CE,650,2024-06-10T15:00:00.000Z,2024-06-10T14:52:28.137Z,2024-06-07T15:50:13.572Z,lifecycle,False,ES-CE,Spain,Ceuta,ES-CE,Spain,Ceuta
ES-CN-FVLZ,803,2024-06-10T15:00:00.000Z,2024-06-10T14:51:44.085Z,2024-06-07T15:50:18.850Z,lifecycle,False,ES-CN-FVLZ,Spain,Fuerteventura/Lanzarote,ES-CN-FVLZ,Spain,Fuerteventura/Lanzarote
ES-CN-GC,864,2024-06-10T15:00:00.000Z,2024-06-10T14:52:28.137Z,2024-06-07T15:49:53.396Z,lifecycle,False,ES-CN-GC,Spain,Gran Canaria,ES-CN-GC,Spain,Gran Canaria
ES-CN-HI,536,2024-06-10T15:00:00.000Z,2024-06-10T14:51:55.327Z,2024-06-07T15:50:13.572Z,lifecycle,False,ES-CN-HI,Spain,El Hierro,ES-CN-HI,Spain,El Hierro
ES-CN-IG,1038,2024-06-10T15:00:00.000Z,2024-06-10T14:51:44.085Z,2024-06-07T15:50:13.572Z,lifecycle,False,ES-CN-IG,Spain,Isla de la Gomera,ES-CN-IG,Spain,Isla de la Gomera
ES-CN-LP,1056,2024-06-10T15:00:00.000Z,2024-06-10T14:51:44.085Z,2024-06-07T15:50:18.850Z,lifecycle,False,ES-CN-LP,Spain,La Palma,ES-CN-LP,Spain,La Palma
ES-CN-TE,1024,2024-06-10T15:00:00.000Z,2024-06-10T14:51:44.085Z,2024-06-07T15:49:53.396Z,lifecycle,False,ES-CN-TE,Spain,Tenerife,ES-CN-TE,Spain,Tenerife
ES-IB-FO,372,2024-06-10T15:00:00.000Z,2024-06-10T14:52:28.137Z,2024-06-07T15:50:13.572Z,lifecycle,True,ES-IB-FO,Spain,Formentera,ES-IB-FO,Spain,Formentera
ES-IB-IZ,419,2024-06-10T15:00:00.000Z,2024-06-10T14:51:44.085Z,2024-06-07T15:50:13.572Z,lifecycle,True,ES-IB-IZ,Spain,Ibiza,ES-IB-IZ,Spain,Ibiza
ES-IB-MA,329,2024-06-10T15:00:00.000Z,2024-06-10T14:52:28.137Z,2024-06-07T15:50:13.572Z,lifecycle,True,ES-IB-MA,Spain,Mallorca,ES-IB-MA,Spain,Mallorca
ES-IB-ME,637,2024-06-10T15:00:00.000Z,2024-06-10T14:51:55.327Z,2024-06-07T15:50:13.572Z,lifecycle,True,ES-IB-ME,Spain,Menorca,ES-IB-ME,Spain,Menorca
ES-ML,624,2024-06-10T15:00:00.000Z,2024-06-10T14:51:55.327Z,2024-06-07T15:50:13.572Z,lifecycle,False,ES-ML,Spain,Melilla,ES-ML,Spain,Melilla
FI,50,2024-06-10T15:00:00.000Z,2024-06-10T14:51:55.327Z,2024-06-07T15:50:18.850Z,lifecycle,True,FI,Finland,Finland,FI,Finland,Finland
FO,538,2024-06-10T15:00:00.000Z,2024-06-10T14:52:28.137Z,2024-06-07T15:50:13.572Z,lifecycle,False,FO,Faroe Islands,Faroe Islands,FO,Faroe Islands,Faroe Islands
FO-MI,505,2024-06-10T15:00:00.000Z,2024-06-10T14:51:55.327Z,2024-06-07T15:50:13.572Z,lifecycle,False,FO-MI,Faroe Islands,Main Islands,FO-MI,Faroe Islands,Main Islands
FO-SI,1127,2024-06-10T15:00:00.000Z,2024-06-10T14:51:55.327Z,2024-06-07T15:50:13.572Z,lifecycle,False,FO-SI,Faroe Islands,South Island,FO-SI,Faroe Islands,South Island
FR,21,2024-06-10T15:00:00.000Z,2024-06-10T14:51:55.327Z,2024-06-07T15:49:53.396Z,lifecycle,True,FR,France,France,FR,France,France
FR-COR,433,2024-06-10T15:00:00.000Z,2024-06-10T14:51:55.327Z,2024-06-07T15:50:13.572Z,lifecycle,True,FR-COR,France,Corsica,FR-COR,France,Corsica
GB,147,2024-06-10T15:00:00.000Z,2024-06-10T14:52:28.137Z,2024-06-07T15:50:13.572Z,lifecycle,True,GB,Great Britain,Great Britain,GB,Great Britain,Great Britain
GB-NIR,280,2024-06-10T15:00:00.000Z,2024-06-10T14:52:28.137Z,2024-06-07T15:49:53.396Z,lifecycle,True,GB-NIR,Northern Ireland,Northern Ireland,GB-NIR,Northern Ireland,Northern Ireland
GB-ORK,14,2024-06-10T15:00:00.000Z,2024-06-10T14:51:44.085Z,2024-06-07T15:50:13.572Z,lifecycle,True,GB-ORK,Great Britain,Orkney Islands,GB-ORK,Great Britain,Orkney Islands
GE,24,2024-06-10T15:00:00.000Z,2024-06-10T14:51:55.327Z,2024-06-07T15:50:13.572Z,lifecycle,True,GE,Georgia,Georgia,GE,Georgia,Georgia
GR,306,2024-06-10T15:00:00.000Z,2024-06-10T14:51:55.327Z,2024-06-07T15:50:13.572Z,lifecycle,True,GR,Greece,Greece,GR,Greece,Greece
GT,572,2024-06-10T14:00:00.000Z,2024-06-10T14:51:55.327Z,2024-06-07T14:49:17.093Z,lifecycle,False,GT,Guatemala,Guatemala,GT,Guatemala,Guatemala
HK,435,2024-06-10T15:00:00.000Z,2024-06-10T14:52:28.137Z,2024-06-07T15:50:18.850Z,lifecycle,True,HK,Hong Kong,Hong Kong,HK,Hong Kong,Hong Kong
HN,370,2024-06-10T15:00:00.000Z,2024-06-10T14:51:55.327Z,2024-06-07T15:49:53.396Z,lifecycle,True,HN,Honduras,Honduras,HN,Honduras,Honduras
HR,96,2024-06-10T15:00:00.000Z,2024-06-10T14:51:44.085Z,2024-06-07T15:50:18.850Z,lifecycle,True,HR,Croatia,Croatia,HR,Croatia,Croatia
HU,183,2024-06-10T15:00:00.000Z,2024-06-10T14:51:55.327Z,2024-06-07T15:50:13.572Z,lifecycle,True,HU,Hungary,Hungary,HU,Hungary,Hungary
ID,652,2024-06-10T15:00:00.000Z,2024-06-10T14:51:55.327Z,2024-06-07T15:50:18.850Z,lifecycle,True,ID,Indonesia,Indonesia,ID,Indonesia,Indonesia
IE,387,2024-06-10T15:00:00.000Z,2024-06-10T14:51:44.085Z,2024-06-07T15:50:13.572Z,lifecycle,True,IE,Ireland,Ireland,IE,Ireland,Ireland
IL,497,2024-06-10T15:00:00.000Z,2024-06-10T14:51:55.327Z,2024-06-07T15:49:53.396Z,lifecycle,True,IL,Israel,Israel,IL,Israel,Israel
IN,697,2024-06-10T15:00:00.000Z,2024-06-10T14:51:44.085Z,2024-06-07T15:50:18.850Z,lifecycle,True,IN,Mainland India,Mainland India,IN,Mainland India,Mainland India
IN-EA,790,2024-06-10T15:00:00.000Z,2024-06-10T14:52:28.137Z,2024-06-07T15:50:13.572Z,lifecycle,True,IN-EA,India,Eastern India,IN-EA,India,Eastern India
IN-MH,711,2024-06-10T15:00:00.000Z,2024-06-10T14:51:55.327Z,2024-06-07T15:50:18.850Z,lifecycle,False,IN-MH,India,Maharashtra,IN-MH,India,Maharashtra
IN-NE,346,2024-06-10T15:00:00.000Z,2024-06-10T14:52:28.137Z,2024-06-07T15:50:13.572Z,lifecycle,True,IN-NE,India,North Eastern India,IN-NE,India,North Eastern India
IN-NO,600,2024-06-10T15:00:00.000Z,2024-06-10T14:51:55.327Z,2024-06-07T15:50:18.850Z,lifecycle,True,IN-NO,India,Northern India,IN-NO,India,Northern India
IN-PB,760,2024-06-10T15:00:00.000Z,2024-06-10T14:51:55.327Z,2024-06-07T15:50:18.850Z,lifecycle,False,IN-PB,India,Punjab,IN-PB,India,Punjab
IN-SO,629,2024-06-10T15:00:00.000Z,2024-06-10T14:51:55.327Z,2024-06-07T15:50:18.850Z,lifecycle,True,IN-SO,India,Southern India,IN-SO,India,Southern India
IN-WE,753,2024-06-10T15:00:00.000Z,2024-06-10T14:51:55.327Z,2024-06-07T15:50:13.572Z,lifecycle,True,IN-WE,India,Western India,IN-WE,India,Western India
IS,28,2024-06-10T15:00:00.000Z,2024-06-10T14:51:44.085Z,2024-06-07T15:50:18.850Z,lifecycle,True,IS,Iceland,Iceland,IS,Iceland,Iceland
IT,223,2024-06-10T15:00:00.000Z,2024-06-10T14:51:55.327Z,2024-06-07T15:50:13.572Z,lifecycle,True,IT,Italy,Italy,IT,Italy,Italy
IT-CNO,169,2024-06-10T15:00:00.000Z,2024-06-10T14:51:55.327Z,2024-06-07T15:50:13.572Z,lifecycle,True,IT-CNO,Italy,Central North Italy,IT-CNO,Italy,Central North Italy
IT-CSO,201,2024-06-10T15:00:00.000Z,2024-06-10T14:51:55.327Z,2024-06-07T15:50:13.572Z,lifecycle,True,IT-CSO,Italy,Central South Italy,IT-CSO,Italy,Central South Italy
IT-NO,225,2024-06-10T15:00:00.000Z,2024-06-10T14:52:28.137Z,2024-06-07T15:50:13.572Z,lifecycle,True,IT-NO,Italy,North Italy,IT-NO,Italy,North Italy
IT-SAR,405,2024-06-10T15:00:00.000Z,2024-06-10T14:51:55.327Z,2024-06-07T15:50:18.850Z,lifecycle,True,IT-SAR,Italy,Sardinia,IT-SAR,Italy,Sardinia
IT-SIC,294,2024-06-10T15:00:00.000Z,2024-06-10T14:51:55.327Z,2024-06-07T15:50:13.572Z,lifecycle,True,IT-SIC,Italy,Sicily,IT-SIC,Italy,Sicily
IT-SO,177,2024-06-10T15:00:00.000Z,2024-06-10T14:51:44.085Z,2024-06-07T15:50:13.572Z,lifecycle,True,IT-SO,Italy,South Italy,IT-SO,Italy,South Italy
JP,503,2024-06-10T15:00:00.000Z,2024-06-10T14:51:44.085Z,2024-06-07T15:50:13.572Z,lifecycle,True,JP,Japan,Japan,JP,Japan,Japan
JP-CB,537,2024-06-10T15:00:00.000Z,2024-06-10T14:51:55.327Z,2024-06-07T15:49:53.396Z,lifecycle,True,JP-CB,Japan,Chūbu,JP-CB,Japan,Chūbu
JP-CG,524,2024-06-10T15:00:00.000Z,2024-06-10T14:51:55.327Z,2024-06-07T15:50:13.572Z,lifecycle,True,JP-CG,Japan,Chūgoku,JP-CG,Japan,Chūgoku
JP-HKD,513,2024-06-10T15:00:00.000Z,2024-06-10T14:51:55.327Z,2024-06-07T15:50:13.572Z,lifecycle,True,JP-HKD,Japan,Hokkaidō,JP-HKD,Japan,Hokkaidō
JP-HR,463,2024-06-10T15:00:00.000Z,2024-06-10T14:51:55.327Z,2024-06-07T15:50:13.572Z,lifecycle,True,JP-HR,Japan,Hokuriku,JP-HR,Japan,Hokuriku
JP-KN,347,2024-06-10T15:00:00.000Z,2024-06-10T14:52:28.137Z,2024-06-07T15:50:13.572Z,lifecycle,True,JP-KN,Japan,Kansai,JP-KN,Japan,Kansai
JP-KY,320,2024-06-10T15:00:00.000Z,2024-06-10T14:52:28.137Z,2024-06-07T15:50:13.572Z,lifecycle,True,JP-KY,Japan,Kyūshū,JP-KY,Japan,Kyūshū
JP-ON,626,2024-06-10T15:00:00.000Z,2024-06-10T14:51:55.327Z,2024-06-07T15:50:13.572Z,lifecycle,True,JP-ON,Japan,Okinawa,JP-ON,Japan,Okinawa
JP-SK,454,2024-06-10T15:00:00.000Z,2024-06-10T14:51:55.327Z,2024-06-07T15:50:13.572Z,lifecycle,True,JP-SK,Japan,Shikoku,JP-SK,Japan,Shikoku
JP-TH,534,2024-06-10T15:00:00.000Z,2024-06-10T14:51:44.085Z,2024-06-07T15:50:18.850Z,lifecycle,True,JP-TH,Japan,Tōhoku,JP-TH,Japan,Tōhoku
JP-TK,599,2024-06-10T15:00:00.000Z,2024-06-10T14:51:55.327Z,2024-06-07T15:50:13.572Z,lifecycle,True,JP-TK,Japan,Tōkyō,JP-TK,Japan,Tōkyō
KR,421,2024-06-10T15:00:00.000Z,2024-06-10T14:51:55.327Z,2024-06-07T15:50:13.572Z,lifecycle,True,KR,South Korea,South Korea,KR,South Korea,South Korea
KW,550,2024-06-10T15:00:00.000Z,2024-06-10T14:51:55.327Z,2024-06-07T15:50:13.572Z,lifecycle,True,KW,Kuwait,Kuwait,KW,Kuwait,Kuwait
LK,301,2024-06-10T15:00:00.000Z,2024-06-10T14:51:55.327Z,2024-06-07T15:50:13.572Z,lifecycle,True,LK,Sri Lanka,Sri Lanka,LK,Sri Lanka,Sri Lanka
LT,185,2024-06-10T15:00:00.000Z,2024-06-10T14:51:55.327Z,2024-06-07T15:50:18.850Z,lifecycle,True,LT,Lithuania,Lithuania,LT,Lithuania,Lithuania
LU,145,2024-06-10T15:00:00.000Z,2024-06-10T14:51:44.085Z,2024-06-07T15:50:13.572Z,lifecycle,True,LU,Luxembourg,Luxembourg,LU,Luxembourg,Luxembourg
LV,71,2024-06-10T15:00:00.000Z,2024-06-10T14:51:44.085Z,2024-06-07T15:50:18.850Z,lifecycle,True,LV,Latvia,Latvia,LV,Latvia,Latvia
MD,468,2024-06-10T15:00:00.000Z,2024-06-10T14:52:28.137Z,2024-06-07T15:50:13.572Z,lifecycle,True,MD,Moldova,Moldova,MD,Moldova,Moldova
ME,20,2024-06-10T15:00:00.000Z,2024-06-10T14:51:55.327Z,2024-06-07T15:49:53.396Z,lifecycle,True,ME,Montenegro,Montenegro,ME,Montenegro,Montenegro
MK,625,2024-06-10T15:00:00.000Z,2024-06-10T14:51:55.327Z,2024-06-07T15:49:53.396Z,lifecycle,True,MK,North Macedonia,North Macedonia,MK,North Macedonia,North Macedonia
MX-BC,342,2024-06-10T15:00:00.000Z,2024-06-10T14:51:55.327Z,2024-06-07T15:50:13.572Z,lifecycle,True,MX-BC,Mexico,Baja California,MX-BC,Mexico,Baja California
MX-CE,411,2024-06-10T15:00:00.000Z,2024-06-10T14:51:55.327Z,2024-06-07T15:50:13.572Z,lifecycle,True,MX-CE,Mexico,Central,MX-CE,Mexico,Central
MX-NE,411,2024-06-10T15:00:00.000Z,2024-06-10T14:51:55.327Z,2024-06-07T15:50:13.572Z,lifecycle,True,MX-NE,Mexico,North East,MX-NE,Mexico,North East
MX-NO,411,2024-06-10T15:00:00.000Z,2024-06-10T14:51:44.085Z,2024-06-07T15:50:13.572Z,lifecycle,True,MX-NO,Mexico,North,MX-NO,Mexico,North
MX-NW,411,2024-06-10T15:00:00.000Z,2024-06-10T14:51:55.327Z,2024-06-07T15:49:53.396Z,lifecycle,True,MX-NW,Mexico,North West,MX-NW,Mexico,North West
MX-OC,411,2024-06-10T15:00:00.000Z,2024-06-10T14:51:44.085Z,2024-06-07T15:49:53.396Z,lifecycle,True,MX-OC,Mexico,Occidental,MX-OC,Mexico,Occidental
MX-OR,411,2024-06-10T15:00:00.000Z,2024-06-10T14:51:55.327Z,2024-06-07T15:50:13.572Z,lifecycle,True,MX-OR,Mexico,Oriental,MX-OR,Mexico,Oriental
MX-PN,411,2024-06-10T15:00:00.000Z,2024-06-10T14:52:28.137Z,2024-06-07T15:50:13.572Z,lifecycle,True,MX-PN,Mexico,Peninsula,MX-PN,Mexico,Peninsula
MY-WM,617,2024-06-10T15:00:00.000Z,2024-06-10T14:51:55.327Z,2024-06-07T15:50:13.572Z,lifecycle,True,MY-WM,Malaysia,Peninsula,MY-WM,Malaysia,Peninsula
NG,394,2024-06-10T15:00:00.000Z,2024-06-10T14:51:55.327Z,2024-06-07T15:49:53.396Z,lifecycle,False,NG,Nigeria,Nigeria,NG,Nigeria,Nigeria
NI,441,2024-06-10T15:00:00.000Z,2024-06-10T14:51:44.085Z,2024-06-07T15:50:13.572Z,lifecycle,True,NI,Nicaragua,Nicaragua,NI,Nicaragua,Nicaragua
NL,161,2024-06-10T15:00:00.000Z,2024-06-10T14:51:55.327Z,2024-06-07T15:50:18.850Z,lifecycle,True,NL,Netherlands,Netherlands,NL,Netherlands,Netherlands
NO,39,2024-06-10T15:00:00.000Z,2024-06-10T14:51:55.327Z,2024-06-07T15:49:53.396Z,lifecycle,True,NO,Norway,Norway,NO,Norway,Norway
NO-NO1,25,2024-06-10T15:00:00.000Z,2024-06-10T14:52:28.137Z,2024-06-07T15:49:53.396Z,lifecycle,True,NO-NO1,Norway,Southeast Norway,NO-NO1,Norway,Southeast Norway
NO-NO2,43,2024-06-10T15:00:00.000Z,2024-06-10T14:51:55.327Z,2024-06-07T15:50:13.572Z,lifecycle,True,NO-NO2,Norway,Southwest Norway,NO-NO2,Norway,Southwest Norway
NO-NO3,32,2024-06-10T15:00:00.000Z,2024-06-10T14:51:55.327Z,2024-06-07T15:50:13.572Z,lifecycle,True,NO-NO3,Norway,Middle Norway,NO-NO3,Norway,Middle Norway
NO-NO4,66,2024-06-10T15:00:00.000Z,2024-06-10T14:51:55.327Z,2024-06-07T15:50:18.850Z,lifecycle,True,NO-NO4,Norway,North Norway,NO-NO4,Norway,North Norway
NO-NO5,26,2024-06-10T15:00:00.000Z,2024-06-10T14:51:55.327Z,2024-06-07T15:49:53.396Z,lifecycle,True,NO-NO5,Norway,West Norway,NO-NO5,Norway,West Norway
NZ,157,2024-06-10T15:00:00.000Z,2024-06-10T14:51:44.085Z,2024-06-07T15:49:53.396Z,lifecycle,True,NZ,New Zealand,New Zealand,NZ,New Zealand,New Zealand
OM,474,2024-06-10T15:00:00.000Z,2024-06-10T14:51:55.327Z,2024-06-07T15:50:13.572Z,lifecycle,True,OM,Oman,Oman,OM,Oman,Oman
PA,177,2024-06-10T15:00:00.000Z,2024-06-10T14:52:28.137Z,2024-06-07T15:50:13.572Z,lifecycle,True,PA,Panama,Panama,PA,Panama,Panama
PE,233,2024-06-10T15:00:00.000Z,2024-06-10T14:51:55.327Z,2024-06-07T15:50:13.572Z,lifecycle,True,PE,Peru,Peru,PE,Peru,Peru
PF,453,2024-06-10T15:00:00.000Z,2024-06-10T14:51:44.085Z,2024-06-07T15:50:13.572Z,lifecycle,False,PF,French Polynesia,French Polynesia,PF,French Polynesia,French Polynesia
PH,666,2024-06-10T15:00:00.000Z,2024-06-10T14:51:55.327Z,2024-06-07T15:50:13.572Z,lifecycle,True,PH,Philippines,Philippines,PH,Philippines,Philippines
PH-LU,698,2024-06-10T15:00:00.000Z,2024-06-10T14:51:55.327Z,2024-06-07T15:50:13.572Z,lifecycle,True,PH-LU,Philippines,Luzon,PH-LU,Philippines,Luzon
PH-MI,569,2024-06-10T15:00:00.000Z,2024-06-10T14:51:55.327Z,2024-06-07T15:49:53.396Z,lifecycle,True,PH-MI,Philippines,Mindanao,PH-MI,Philippines,Mindanao
PH-VI,623,2024-06-10T15:00:00.000Z,2024-06-10T14:51:55.327Z,2024-06-07T15:50:13.572Z,lifecycle,True,PH-VI,Philippines,Visayas,PH-VI,Philippines,Visayas
PL,845,2024-06-10T15:00:00.000Z,2024-06-10T14:51:55.327Z,2024-06-07T15:50:13.572Z,lifecycle,True,PL,Poland,Poland,PL,Poland,Poland
PT,106,2024-06-10T15:00:00.000Z,2024-06-10T14:51:44.085Z,2024-06-07T15:50:13.572Z,lifecycle,True,PT,Portugal,Portugal,PT,Portugal,Portugal
QA,471,2024-06-10T15:00:00.000Z,2024-06-10T14:51:55.327Z,2024-06-07T15:49:53.396Z,lifecycle,True,QA,Qatar,Qatar,QA,Qatar,Qatar
RE,487,2024-06-10T15:00:00.000Z,2024-06-10T14:52:28.137Z,2024-06-07T15:50:18.850Z,lifecycle,False,RE,Réunion,Réunion,RE,Réunion,Réunion
RO,282,2024-06-10T15:00:00.000Z,2024-06-10T14:51:55.327Z,2024-06-07T15:50:13.572Z,lifecycle,True,RO,Romania,Romania,RO,Romania,Romania
RS,410,2024-06-10T15:00:00.000Z,2024-06-10T14:51:55.327Z,2024-06-07T15:50:13.572Z,lifecycle,True,RS,Serbia,Serbia,RS,Serbia,Serbia
RU,337,2024-06-10T14:00:00.000Z,2024-06-10T14:51:44.085Z,2024-06-07T14:49:37.253Z,lifecycle,False,RU,Russia,Russia,RU,Russia,Russia
RU-1,339,2024-06-10T15:00:00.000Z,2024-06-10T14:52:28.137Z,2024-06-07T15:50:13.572Z,lifecycle,True,RU-1,Russia,Europe-Ural,RU-1,Russia,Europe-Ural
RU-2,272,2024-06-10T14:00:00.000Z,2024-06-10T14:51:44.085Z,2024-06-07T14:49:37.253Z,lifecycle,False,RU-2,Russia,Siberia,RU-2,Russia,Siberia
RU-AS,476,2024-06-10T14:00:00.000Z,2024-06-10T14:51:55.327Z,2024-06-07T14:49:37.253Z,lifecycle,False,RU-AS,Russia,East,RU-AS,Russia,East
SE,18,2024-06-10T15:00:00.000Z,2024-06-10T14:51:55.327Z,2024-06-07T15:50:13.572Z,lifecycle,True,SE,Sweden,Sweden,SE,Sweden,Sweden
SE-SE1,12,2024-06-10T15:00:00.000Z,2024-06-10T14:51:55.327Z,2024-06-07T15:50:13.572Z,lifecycle,True,SE-SE1,Sweden,North Sweden,SE-SE1,Sweden,North Sweden
SE-SE2,14,2024-06-10T15:00:00.000Z,2024-06-10T14:52:28.137Z,2024-06-07T15:50:13.572Z,lifecycle,True,SE-SE2,Sweden,North Central Sweden,SE-SE2,Sweden,North Central Sweden
SE-SE3,20,2024-06-10T15:00:00.000Z,2024-06-10T14:52:28.137Z,2024-06-07T15:50:18.850Z,lifecycle,True,SE-SE3,Sweden,South Central Sweden,SE-SE3,Sweden,South Central Sweden
SE-SE4,26,2024-06-10T15:00:00.000Z,2024-06-10T14:51:55.327Z,2024-06-07T15:50:13.572Z,lifecycle,True,SE-SE4,Sweden,South Sweden,SE-SE4,Sweden,South Sweden
SG,494,2024-06-10T15:00:00.000Z,2024-06-10T14:52:28.137Z,2024-06-07T15:50:13.572Z,lifecycle,True,SG,Singapore,Singapore,SG,Singapore,Singapore
SI,305,2024-06-10T15:00:00.000Z,2024-06-10T14:51:55.327Z,2024-06-07T15:50:13.572Z,lifecycle,True,SI,Slovenia,Slovenia,SI,Slovenia,Slovenia
SK,110,2024-06-10T15:00:00.000Z,2024-06-10T14:51:44.085Z,2024-06-07T15:50:18.850Z,lifecycle,True,SK,Slovakia,Slovakia,SK,Slovakia,Slovakia
SV,333,2024-06-10T14:00:00.000Z,2024-06-10T14:52:28.137Z,2024-06-07T14:49:37.253Z,lifecycle,False,SV,El Salvador,El Salvador,SV,El Salvador,El Salvador
TR,419,2024-06-10T15:00:00.000Z,2024-06-10T14:51:55.327Z,2024-06-07T15:49:53.396Z,lifecycle,True,TR,Turkey,Turkey,TR,Turkey,Turkey
TW,558,2024-06-10T15:00:00.000Z,2024-06-10T14:51:55.327Z,2024-06-07T15:50:18.850Z,lifecycle,True,TW,Taiwan,Taiwan,TW,Taiwan,Taiwan
US-AK-SEAPA,24,2024-06-10T15:00:00.000Z,2024-06-10T14:51:44.085Z,2024-06-07T15:50:13.572Z,lifecycle,False,US-AK-SEAPA,USA,Southeast Alaska Power Agency,US-AK-SEAPA,USA,Southeast Alaska Power Agency
US-CAL-BANC,263,2024-06-10T15:00:00.000Z,2024-06-10T14:51:55.327Z,2024-06-07T15:50:13.572Z,lifecycle,True,US-CAL-BANC,USA,Balancing Authority of Northern California,US-CAL-BANC,USA,Balancing Authority of Northern California
US-CAL-CISO,84,2024-06-10T15:00:00.000Z,2024-06-10T14:51:44.085Z,2024-06-07T15:49:53.396Z,lifecycle,True,US-CAL-CISO,USA,California ISO,US-CAL-CISO,USA,California ISO
US-CAL-IID,357,2024-06-10T15:00:00.000Z,2024-06-10T14:51:55.327Z,2024-06-07T15:50:13.572Z,lifecycle,True,US-CAL-IID,USA,Imperial Irrigation District,US-CAL-IID,USA,Imperial Irrigation District
US-CAL-LDWP,319,2024-06-10T15:00:00.000Z,2024-06-10T14:51:55.327Z,2024-06-07T15:49:53.396Z,lifecycle,True,US-CAL-LDWP,USA,Los Angeles Department of Water and Power,US-CAL-LDWP,USA,Los Angeles Department of Water and Power
US-CAL-TIDC,421,2024-06-10T15:00:00.000Z,2024-06-10T14:51:44.085Z,2024-06-07T15:50:13.572Z,lifecycle,True,US-CAL-TIDC,USA,Turlock Irrigation District,US-CAL-TIDC,USA,Turlock Irrigation District
US-CAR-CPLE,359,2024-06-10T15:00:00.000Z,2024-06-10T14:51:55.327Z,2024-06-07T15:50:13.572Z,lifecycle,True,US-CAR-CPLE,USA,Duke Energy Progress East,US-CAR-CPLE,USA,Duke Energy Progress East
US-CAR-CPLW,527,2024-06-10T15:00:00.000Z,2024-06-10T14:51:55.327Z,2024-06-07T15:50:13.572Z,lifecycle,True,US-CAR-CPLW,USA,Duke Energy Progress West,US-CAR-CPLW,USA,Duke Energy Progress West
US-CAR-DUK,338,2024-06-10T15:00:00.000Z,2024-06-10T14:51:55.327Z,2024-06-07T15:50:13.572Z,lifecycle,True,US-CAR-DUK,USA,Duke Energy Carolinas,US-CAR-DUK,USA,Duke Energy Carolinas
US-CAR-SC,961,2024-06-10T15:00:00.000Z,2024-06-10T14:51:44.085Z,2024-06-07T15:50:13.572Z,lifecycle,True,US-CAR-SC,USA,South Carolina Public Service Authority,US-CAR-SC,USA,South Carolina Public Service Authority
US-CAR-SCEG,406,2024-06-10T15:00:00.000Z,2024-06-10T14:52:28.137Z,2024-06-07T15:49:53.396Z,lifecycle,True,US-CAR-SCEG,USA,South Carolina Electric & Gas Company,US-CAR-SCEG,USA,South Carolina Electric & Gas Company
US-CAR-YAD,24,2024-06-10T15:00:00.000Z,2024-06-10T14:51:55.327Z,2024-06-07T15:50:13.572Z,lifecycle,True,US-CAR-YAD,USA,"Alcoa Power Generating, Inc. Yadkin Division",US-CAR-YAD,USA,"Alcoa Power Generating, Inc. Yadkin Division"
US-CENT-SPA,24,2024-06-10T15:00:00.000Z,2024-06-10T14:51:55.327Z,2024-06-07T15:50:13.572Z,lifecycle,True,US-CENT-SPA,USA,Southwestern Power Administration,US-CENT-SPA,USA,Southwestern Power Administration
US-CENT-SWPP,561,2024-06-10T15:00:00.000Z,2024-06-10T14:52:28.137Z,2024-06-07T15:50:13.572Z,lifecycle,True,US-CENT-SWPP,USA,Southwest Power Pool,US-CENT-SWPP,USA,Southwest Power Pool
US-FLA-FMPP,578,2024-06-10T15:00:00.000Z,2024-06-10T14:52:28.137Z,2024-06-07T15:50:13.572Z,lifecycle,True,US-FLA-FMPP,USA,Florida Municipal Power Pool,US-FLA-FMPP,USA,Florida Municipal Power Pool
US-FLA-FPC,486,2024-06-10T15:00:00.000Z,2024-06-10T14:51:55.327Z,2024-06-07T15:50:13.572Z,lifecycle,True,US-FLA-FPC,USA,Duke Energy Florida,US-FLA-FPC,USA,Duke Energy Florida
US-FLA-FPL,325,2024-06-10T15:00:00.000Z,2024-06-10T14:51:55.327Z,2024-06-07T15:50:18.850Z,lifecycle,True,US-FLA-FPL,USA,Florida Power and Light Company,US-FLA-FPL,USA,Florida Power and Light Company
US-FLA-GVL,617,2024-06-10T15:00:00.000Z,2024-06-10T14:51:55.327Z,2024-06-07T15:50:13.572Z,lifecycle,True,US-FLA-GVL,USA,Gainesville Regional Utilities,US-FLA-GVL,USA,Gainesville Regional Utilities
US-FLA-HST,329,2024-06-10T15:00:00.000Z,2024-06-10T14:51:44.085Z,2024-06-07T15:50:13.572Z,lifecycle,True,US-FLA-HST,USA,City of Homestead,US-FLA-HST,USA,City of Homestead
US-FLA-JEA,747,2024-06-10T15:00:00.000Z,2024-06-10T14:51:55.327Z,2024-06-07T15:50:18.850Z,lifecycle,True,US-FLA-JEA,USA,Jacksonville Electric Authority,US-FLA-JEA,USA,Jacksonville Electric Authority
US-FLA-SEC,657,2024-06-10T15:00:00.000Z,2024-06-10T14:51:55.327Z,2024-06-07T15:50:13.572Z,lifecycle,True,US-FLA-SEC,USA,Seminole Electric Cooperative,US-FLA-SEC,USA,Seminole Electric Cooperative
US-FLA-TAL,453,2024-06-10T15:00:00.000Z,2024-06-10T14:51:55.327Z,2024-06-07T15:49:53.396Z,lifecycle,True,US-FLA-TAL,USA,City of Tallahassee,US-FLA-TAL,USA,City of Tallahassee
US-FLA-TEC,411,2024-06-10T15:00:00.000Z,2024-06-10T14:51:55.327Z,2024-06-07T15:50:13.572Z,lifecycle,True,US-FLA-TEC,USA,Tampa Electric Company,US-FLA-TEC,USA,Tampa Electric Company
US-MIDA-PJM,368,2024-06-10T15:00:00.000Z,2024-06-10T14:52:28.137Z,2024-06-07T15:50:18.850Z,lifecycle,True,US-MIDA-PJM,USA,PJM Interconnection,US-MIDA-PJM,USA,PJM Interconnection
US-MIDW-AECI,790,2024-06-10T15:00:00.000Z,2024-06-10T14:51:55.327Z,2024-06-07T15:50:13.572Z,lifecycle,True,US-MIDW-AECI,USA,Associated Electric Cooperative,US-MIDW-AECI,USA,Associated Electric Cooperative
US-MIDW-LGEE,903,2024-06-10T15:00:00.000Z,2024-06-10T14:51:55.327Z,2024-06-07T15:50:13.572Z,lifecycle,True,US-MIDW-LGEE,USA,Louisville Gas and Electric Company and Kentucky Utilities,US-MIDW-LGEE,USA,Louisville Gas and Electric Company and Kentucky Utilities
US-MIDW-MISO,515,2024-06-10T15:00:00.000Z,2024-06-10T14:51:55.327Z,2024-06-07T15:50:13.572Z,lifecycle,True,US-MIDW-MISO,USA,Midcontinent ISO,US-MIDW-MISO,USA,Midcontinent ISO
US-NE-ISNE,249,2024-06-10T15:00:00.000Z,2024-06-10T14:51:55.327Z,2024-06-07T15:50:18.850Z,lifecycle,True,US-NE-ISNE,USA,New England ISO,US-NE-ISNE,USA,New England ISO
US-NW-AVA,33,2024-06-10T15:00:00.000Z,2024-06-10T14:51:55.327Z,2024-06-07T15:50:13.572Z,lifecycle,True,US-NW-AVA,USA,Avista Corporation,US-NW-AVA,USA,Avista Corporation
US-NW-BPAT,36,2024-06-10T15:00:00.000Z,2024-06-10T14:52:28.137Z,2024-06-07T15:49:53.396Z,lifecycle,True,US-NW-BPAT,USA,Bonneville Power Administration,US-NW-BPAT,USA,Bonneville Power Administration
US-NW-CHPD,24,2024-06-10T15:00:00.000Z,2024-06-10T14:51:55.327Z,2024-06-07T15:50:18.850Z,lifecycle,True,US-NW-CHPD,USA,Chelan County,US-NW-CHPD,USA,Chelan County
US-NW-DOPD,24,2024-06-10T15:00:00.000Z,2024-06-10T14:51:55.327Z,2024-06-07T15:49:53.396Z,lifecycle,True,US-NW-DOPD,USA,Douglas County,US-NW-DOPD,USA,Douglas County
US-NW-GCPD,24,2024-06-10T15:00:00.000Z,2024-06-10T14:51:55.327Z,2024-06-07T15:50:13.572Z,lifecycle,True,US-NW-GCPD,USA,Grant County,US-NW-GCPD,USA,Grant County
US-NW-GRID,435,2024-06-10T15:00:00.000Z,2024-06-10T14:51:55.327Z,2024-06-07T15:50:13.572Z,lifecycle,True,US-NW-GRID,USA,Gridforce Energy Management,US-NW-GRID,USA,Gridforce Energy Management
US-NW-IPCO,131,2024-06-10T15:00:00.000Z,2024-06-10T14:51:55.327Z,2024-06-07T15:49:53.396Z,lifecycle,True,US-NW-IPCO,USA,Idaho Power Company,US-NW-IPCO,USA,Idaho Power Company
US-NW-NEVP,320,2024-06-10T15:00:00.000Z,2024-06-10T14:52:28.137Z,2024-06-07T15:50:13.572Z,lifecycle,True,US-NW-NEVP,USA,Nevada Power Company,US-NW-NEVP,USA,Nevada Power Company
US-NW-NWMT,283,2024-06-10T15:00:00.000Z,2024-06-10T14:51:55.327Z,2024-06-07T15:50:13.572Z,lifecycle,True,US-NW-NWMT,USA,Northwestern Energy,US-NW-NWMT,USA,Northwestern Energy
US-NW-PACE,388,2024-06-10T15:00:00.000Z,2024-06-10T14:51:55.327Z,2024-06-07T15:50:18.850Z,lifecycle,True,US-NW-PACE,USA,Pacificorp East,US-NW-PACE,USA,Pacificorp East
US-NW-PACW,238,2024-06-10T15:00:00.000Z,2024-06-10T14:51:55.327Z,2024-06-07T15:50:13.572Z,lifecycle,True,US-NW-PACW,USA,Pacificorp West,US-NW-PACW,USA,Pacificorp West
US-NW-PGE,129,2024-06-10T15:00:00.000Z,2024-06-10T14:52:28.137Z,2024-06-07T15:50:13.572Z,lifecycle,True,US-NW-PGE,USA,Portland General Electric Company,US-NW-PGE,USA,Portland General Electric Company
US-NW-PSCO,550,2024-06-10T15:00:00.000Z,2024-06-10T14:51:55.327Z,2024-06-07T15:50:13.572Z,lifecycle,True,US-NW-PSCO,USA,Public Service Company of Colorado,US-NW-PSCO,USA,Public Service Company of Colorado
US-NW-PSEI,131,2024-06-10T15:00:00.000Z,2024-06-10T14:51:55.327Z,2024-06-07T15:50:18.850Z,lifecycle,True,US-NW-PSEI,USA,Puget Sound Energy,US-NW-PSEI,USA,Puget Sound Energy
US-NW-SCL,24,2024-06-10T15:00:00.000Z,2024-06-10T14:51:44.085Z,2024-06-07T15:50:13.572Z,lifecycle,True,US-NW-SCL,USA,Seattle City Light,US-NW-SCL,USA,Seattle City Light
US-NW-TPWR,24,2024-06-10T15:00:00.000Z,2024-06-10T14:51:55.327Z,2024-06-07T15:50:13.572Z,lifecycle,True,US-NW-TPWR,USA,City of Tacoma,US-NW-TPWR,USA,City of Tacoma
US-NW-WACM,574,2024-06-10T15:00:00.000Z,2024-06-10T14:51:44.085Z,2024-06-07T15:50:13.572Z,lifecycle,True,US-NW-WACM,USA,Western Area Power Administration - Rocky Mountain Region,US-NW-WACM,USA,Western Area Power Administration - Rocky Mountain Region
US-NW-WAUW,24,2024-06-10T15:00:00.000Z,2024-06-10T14:51:44.085Z,2024-06-07T15:50:18.850Z,lifecycle,True,US-NW-WAUW,USA,Western Area Power Administration - Upper Great Plains West,US-NW-WAUW,USA,Western Area Power Administration - Upper Great Plains West
US-NY-NYIS,278,2024-06-10T15:00:00.000Z,2024-06-10T14:52:28.137Z,2024-06-07T15:50:13.572Z,lifecycle,True,US-NY-NYIS,USA,New York ISO,US-NY-NYIS,USA,New York ISO
US-SE-SEPA,24,2024-06-10T15:00:00.000Z,2024-06-10T14:51:55.327Z,2024-06-07T15:50:18.850Z,lifecycle,True,US-SE-SEPA,USA,Southeastern Power Administration,US-SE-SEPA,USA,Southeastern Power Administration
US-SE-SOCO,466,2024-06-10T15:00:00.000Z,2024-06-10T14:51:55.327Z,2024-06-07T15:49:53.396Z,lifecycle,True,US-SE-SOCO,USA,Southern Company Services,US-SE-SOCO,USA,Southern Company Services
US-SW-AZPS,441,2024-06-10T15:00:00.000Z,2024-06-10T14:51:44.085Z,2024-06-07T15:50:13.572Z,lifecycle,True,US-SW-AZPS,USA,Arizona Public Service Company,US-SW-AZPS,USA,Arizona Public Service Company
US-SW-EPE,570,2024-06-10T15:00:00.000Z,2024-06-10T14:51:55.327Z,2024-06-07T15:50:13.572Z,lifecycle,True,US-SW-EPE,USA,El Paso Electric Company,US-SW-EPE,USA,El Paso Electric Company
US-SW-PNM,213,2024-06-10T15:00:00.000Z,2024-06-10T14:51:55.327Z,2024-06-07T15:49:53.396Z,lifecycle,True,US-SW-PNM,USA,Public Service Company of New Mexico,US-SW-PNM,USA,Public Service Company of New Mexico
US-SW-SRP,224,2024-06-10T15:00:00.000Z,2024-06-10T14:52:28.137Z,2024-06-07T15:49:53.396Z,lifecycle,True,US-SW-SRP,USA,Salt River Project,US-SW-SRP,USA,Salt River Project
US-SW-TEPC,640,2024-06-10T15:00:00.000Z,2024-06-10T14:51:55.327Z,2024-06-07T15:50:13.572Z,lifecycle,True,US-SW-TEPC,USA,Tucson Electric Power Company,US-SW-TEPC,USA,Tucson Electric Power Company
US-SW-WALC,276,2024-06-10T15:00:00.000Z,2024-06-10T14:51:44.085Z,2024-06-07T15:50:13.572Z,lifecycle,True,US-SW-WALC,USA,Western Area Power Administration - Desert Southwest Region,US-SW-WALC,USA,Western Area Power Administration - Desert Southwest Region
US-TEN-TVA,347,2024-06-10T15:00:00.000Z,2024-06-10T14:51:55.327Z,2024-06-07T15:50:13.572Z,lifecycle,True,US-TEN-TVA,USA,Tennessee Valley Authority,US-TEN-TVA,USA,Tennessee Valley Authority
US-TEX-ERCO,294,2024-06-10T15:00:00.000Z,2024-06-10T14:51:55.327Z,2024-06-07T15:50:13.572Z,lifecycle,True,US-TEX-ERCO,USA,Electric Reliability Council of Texas,US-TEX-ERCO,USA,Electric Reliability Council of Texas
UY,39,2024-06-10T15:00:00.000Z,2024-06-10T14:51:55.327Z,2024-06-07T15:50:18.850Z,lifecycle,True,UY,Uruguay,Uruguay,UY,Uruguay,Uruguay
XK,820,2024-06-10T15:00:00.000Z,2024-06-10T14:52:28.137Z,2024-06-07T15:49:53.396Z,lifecycle,True,XK,Kosovo,Kosovo,XK,Kosovo,Kosovo
ZA,745,2024-06-10T15:00:00.000Z,2024-06-10T14:51:55.327Z,2024-06-07T15:50:13.572Z,lifecycle,True,ZA,South Africa,South Africa,ZA,South Africa,South Africa
